<?xml version="1.0" encoding="UTF-8"?>
<GenRun Id="synth_1" LaunchPart="xc7z020clg400-1" LaunchTime="1614999425">
  <File Type="VDS-TIMINGSUMMARY" Name="project3_frame_timing_summary_synth.rpt"/>
  <File Type="RDS-DCP" Name="project3_frame.dcp"/>
  <File Type="RDS-UTIL-PB" Name="project3_frame_utilization_synth.pb"/>
  <File Type="RDS-UTIL" Name="project3_frame_utilization_synth.rpt"/>
  <File Type="RDS-PROPCONSTRS" Name="project3_frame_drc_synth.rpt"/>
  <File Type="RDS-RDS" Name="project3_frame.vds"/>
  <File Type="REPORTS-TCL" Name="project3_frame_reports.tcl"/>
  <File Type="VDS-TIMING-PB" Name="project3_frame_timing_summary_synth.pb"/>
  <File Type="PA-TCL" Name="project3_frame.tcl"/>
  <FileSet Name="sources" Type="DesignSrcs" RelSrcDir="$PSRCDIR/sources_1" RelGenDir="$PGENDIR/sources_1">
    <Filter Type="Srcs"/>
    <File Path="$PSRCDIR/sources_1/imports/assignment3_frame/VX_define.vh">
      <FileInfo>
        <Attr Name="ImportPath" Val="$PPRDIR/../assignment3_files/assignment3_frame/VX_define.vh"/>
        <Attr Name="ImportTime" Val="1614033877"/>
        <Attr Name="UsedIn" Val="synthesis"/>
        <Attr Name="UsedIn" Val="simulation"/>
      </FileInfo>
    </File>
    <File Path="$PSRCDIR/sources_1/imports/assignment3_frame/agex_stage.v">
      <FileInfo>
        <Attr Name="ImportPath" Val="$PPRDIR/../assignment3_files/assignment3_frame/agex_stage.v"/>
        <Attr Name="ImportTime" Val="1614037980"/>
        <Attr Name="UsedIn" Val="synthesis"/>
        <Attr Name="UsedIn" Val="implementation"/>
        <Attr Name="UsedIn" Val="simulation"/>
      </FileInfo>
    </File>
    <File Path="$PSRCDIR/sources_1/imports/assignment3_frame/de_stage.v">
      <FileInfo>
        <Attr Name="ImportPath" Val="$PPRDIR/../assignment3_files/assignment3_frame/de_stage.v"/>
        <Attr Name="ImportTime" Val="1614036245"/>
        <Attr Name="UsedIn" Val="synthesis"/>
        <Attr Name="UsedIn" Val="implementation"/>
        <Attr Name="UsedIn" Val="simulation"/>
      </FileInfo>
    </File>
    <File Path="$PSRCDIR/sources_1/imports/assignment3_frame/fe_stage.v">
      <FileInfo>
        <Attr Name="ImportPath" Val="$PPRDIR/../assignment3_files/assignment3_frame/fe_stage.v"/>
        <Attr Name="ImportTime" Val="1614034303"/>
        <Attr Name="UsedIn" Val="synthesis"/>
        <Attr Name="UsedIn" Val="implementation"/>
        <Attr Name="UsedIn" Val="simulation"/>
      </FileInfo>
    </File>
    <File Path="$PSRCDIR/sources_1/imports/assignment3_frame/mem_stage.v">
      <FileInfo>
        <Attr Name="ImportPath" Val="$PPRDIR/../assignment3_files/assignment3_frame/mem_stage.v"/>
        <Attr Name="ImportTime" Val="1614029654"/>
        <Attr Name="UsedIn" Val="synthesis"/>
        <Attr Name="UsedIn" Val="implementation"/>
        <Attr Name="UsedIn" Val="simulation"/>
      </FileInfo>
    </File>
    <File Path="$PSRCDIR/sources_1/imports/assignment3_frame/wb_stage.v">
      <FileInfo>
        <Attr Name="ImportPath" Val="$PPRDIR/../assignment3_files/assignment3_frame/wb_stage.v"/>
        <Attr Name="ImportTime" Val="1614029654"/>
        <Attr Name="UsedIn" Val="synthesis"/>
        <Attr Name="UsedIn" Val="implementation"/>
        <Attr Name="UsedIn" Val="simulation"/>
      </FileInfo>
    </File>
    <File Path="$PSRCDIR/sources_1/imports/assignment3_frame/project3_frame.v">
      <FileInfo>
        <Attr Name="ImportPath" Val="$PPRDIR/../assignment3_files/assignment3_frame/project3_frame.v"/>
        <Attr Name="ImportTime" Val="1614029654"/>
        <Attr Name="UsedIn" Val="synthesis"/>
        <Attr Name="UsedIn" Val="implementation"/>
        <Attr Name="UsedIn" Val="simulation"/>
      </FileInfo>
    </File>
    <File Path="$PSRCDIR/sources_1/imports/assignment3_frame/tb_project3.v">
      <FileInfo>
        <Attr Name="AutoDisabled" Val="1"/>
        <Attr Name="ImportPath" Val="$PPRDIR/../assignment3_files/assignment3_frame/tb_project3.v"/>
        <Attr Name="ImportTime" Val="1614029654"/>
        <Attr Name="UsedIn" Val="synthesis"/>
        <Attr Name="UsedIn" Val="implementation"/>
        <Attr Name="UsedIn" Val="simulation"/>
      </FileInfo>
    </File>
    <File Path="$PSRCDIR/sources_1/imports/assignment3_frame/SevenSeg.v">
      <FileInfo>
        <Attr Name="AutoDisabled" Val="1"/>
        <Attr Name="ImportPath" Val="$PPRDIR/../assignment3_files/assignment3_frame/SevenSeg.v"/>
        <Attr Name="ImportTime" Val="1614029654"/>
        <Attr Name="UsedIn" Val="synthesis"/>
        <Attr Name="UsedIn" Val="implementation"/>
        <Attr Name="UsedIn" Val="simulation"/>
      </FileInfo>
    </File>
    <File Path="$PSRCDIR/sources_1/imports/assignment3_frame/test/test.mif">
      <FileInfo>
        <Attr Name="ImportPath" Val="$PPRDIR/../assignment3_files/assignment3_frame/test/test.mif"/>
        <Attr Name="ImportTime" Val="1614029654"/>
        <Attr Name="UsedIn" Val="synthesis"/>
        <Attr Name="UsedIn" Val="simulation"/>
      </FileInfo>
    </File>
    <File Path="$PSRCDIR/sources_1/imports/assignment3_frame/test/test5.mem">
      <FileInfo>
        <Attr Name="ImportPath" Val="$PPRDIR/../assignment3_files/assignment3_frame/test/test5.mem"/>
        <Attr Name="ImportTime" Val="1614029654"/>
        <Attr Name="UsedIn" Val="synthesis"/>
        <Attr Name="UsedIn" Val="simulation"/>
      </FileInfo>
    </File>
    <File Path="$PSRCDIR/sources_1/imports/assignment3_frame/test/test4.mif">
      <FileInfo>
        <Attr Name="ImportPath" Val="$PPRDIR/../assignment3_files/assignment3_frame/test/test4.mif"/>
        <Attr Name="ImportTime" Val="1614029654"/>
        <Attr Name="UsedIn" Val="synthesis"/>
        <Attr Name="UsedIn" Val="simulation"/>
      </FileInfo>
    </File>
    <File Path="$PSRCDIR/sources_1/imports/assignment3_frame/test/test2.mif">
      <FileInfo>
        <Attr Name="ImportPath" Val="$PPRDIR/../assignment3_files/assignment3_frame/test/test2.mif"/>
        <Attr Name="ImportTime" Val="1614029654"/>
        <Attr Name="UsedIn" Val="synthesis"/>
        <Attr Name="UsedIn" Val="simulation"/>
      </FileInfo>
    </File>
    <File Path="$PSRCDIR/sources_1/imports/assignment3_frame/test/test1.mif">
      <FileInfo>
        <Attr Name="ImportPath" Val="$PPRDIR/../assignment3_files/assignment3_frame/test/test1.mif"/>
        <Attr Name="ImportTime" Val="1614029654"/>
        <Attr Name="UsedIn" Val="synthesis"/>
        <Attr Name="UsedIn" Val="simulation"/>
      </FileInfo>
    </File>
    <File Path="$PSRCDIR/sources_1/imports/assignment3_frame/test/test3.mem">
      <FileInfo>
        <Attr Name="ImportPath" Val="$PPRDIR/../assignment3_files/assignment3_frame/test/test3.mem"/>
        <Attr Name="ImportTime" Val="1614029654"/>
        <Attr Name="UsedIn" Val="synthesis"/>
        <Attr Name="UsedIn" Val="simulation"/>
      </FileInfo>
    </File>
    <File Path="$PSRCDIR/sources_1/imports/assignment3_frame/test/testall.mif">
      <FileInfo>
        <Attr Name="ImportPath" Val="$PPRDIR/../assignment3_files/assignment3_frame/test/testall.mif"/>
        <Attr Name="ImportTime" Val="1614029654"/>
        <Attr Name="UsedIn" Val="synthesis"/>
        <Attr Name="UsedIn" Val="simulation"/>
      </FileInfo>
    </File>
    <File Path="$PSRCDIR/sources_1/imports/assignment3_frame/test/test4.mem">
      <FileInfo>
        <Attr Name="ImportPath" Val="$PPRDIR/../assignment3_files/assignment3_frame/test/test4.mem"/>
        <Attr Name="ImportTime" Val="1614029654"/>
        <Attr Name="UsedIn" Val="synthesis"/>
        <Attr Name="UsedIn" Val="simulation"/>
      </FileInfo>
    </File>
    <File Path="$PSRCDIR/sources_1/imports/assignment3_frame/test/test3.mif">
      <FileInfo>
        <Attr Name="ImportPath" Val="$PPRDIR/../assignment3_files/assignment3_frame/test/test3.mif"/>
        <Attr Name="ImportTime" Val="1614029654"/>
        <Attr Name="UsedIn" Val="synthesis"/>
        <Attr Name="UsedIn" Val="simulation"/>
      </FileInfo>
    </File>
    <File Path="$PSRCDIR/sources_1/imports/assignment3_frame/test/test5.mif">
      <FileInfo>
        <Attr Name="ImportPath" Val="$PPRDIR/../assignment3_files/assignment3_frame/test/test5.mif"/>
        <Attr Name="ImportTime" Val="1614029654"/>
        <Attr Name="UsedIn" Val="synthesis"/>
        <Attr Name="UsedIn" Val="simulation"/>
      </FileInfo>
    </File>
    <File Path="$PSRCDIR/sources_1/imports/assignment3_frame/test/testall.mem">
      <FileInfo>
        <Attr Name="ImportPath" Val="$PPRDIR/../assignment3_files/assignment3_frame/test/testall.mem"/>
        <Attr Name="ImportTime" Val="1614029654"/>
        <Attr Name="UsedIn" Val="synthesis"/>
        <Attr Name="UsedIn" Val="simulation"/>
      </FileInfo>
    </File>
    <File Path="$PSRCDIR/sources_1/imports/assignment3_frame/test/test.mem">
      <FileInfo>
        <Attr Name="ImportPath" Val="$PPRDIR/../assignment3_files/assignment3_frame/test/test.mem"/>
        <Attr Name="ImportTime" Val="1614029654"/>
        <Attr Name="UsedIn" Val="synthesis"/>
        <Attr Name="UsedIn" Val="simulation"/>
      </FileInfo>
    </File>
    <File Path="$PSRCDIR/sources_1/imports/assignment3_frame/test/test1.mem">
      <FileInfo>
        <Attr Name="ImportPath" Val="$PPRDIR/../assignment3_files/assignment3_frame/test/test1.mem"/>
        <Attr Name="ImportTime" Val="1614029654"/>
        <Attr Name="UsedIn" Val="synthesis"/>
        <Attr Name="UsedIn" Val="simulation"/>
      </FileInfo>
    </File>
    <File Path="$PSRCDIR/sources_1/imports/assignment3_frame/test/test2.mem">
      <FileInfo>
        <Attr Name="ImportPath" Val="$PPRDIR/../assignment3_files/assignment3_frame/test/test2.mem"/>
        <Attr Name="ImportTime" Val="1614029654"/>
        <Attr Name="UsedIn" Val="synthesis"/>
        <Attr Name="UsedIn" Val="simulation"/>
      </FileInfo>
    </File>
    <Config>
      <Option Name="DesignMode" Val="RTL"/>
      <Option Name="TopModule" Val="project3_frame"/>
    </Config>
  </FileSet>
  <FileSet Name="constrs_in" Type="Constrs" RelSrcDir="$PSRCDIR/constrs_1">
    <Filter Type="Constrs"/>
    <File Path="$PSRCDIR/constrs_1/imports/test/time.xdc">
      <FileInfo>
        <Attr Name="ImportPath" Val="$PPRDIR/../assignment3_files/assignment3_frame/test/time.xdc"/>
        <Attr Name="ImportTime" Val="1614029654"/>
        <Attr Name="UsedIn" Val="synthesis"/>
        <Attr Name="UsedIn" Val="implementation"/>
      </FileInfo>
    </File>
    <Config>
      <Option Name="ConstrsType" Val="XDC"/>
    </Config>
  </FileSet>
  <FileSet Name="utils" Type="Utils" RelSrcDir="$PSRCDIR/utils_1">
    <Filter Type="Utils"/>
    <Config>
      <Option Name="TopAutoSet" Val="TRUE"/>
    </Config>
  </FileSet>
  <Strategy Version="1" Minor="2">
    <StratHandle Name="Vivado Synthesis Defaults" Flow="Vivado Synthesis 2020"/>
    <Step Id="synth_design"/>
  </Strategy>
  <BlockFileSet Type="BlockSrcs" Name="clk_wiz_0"/>
</GenRun>
